{
    "MAE": 0.4698058153028405,
    "RMSE": 0.5917816303458672,
    "R2": 0.28878226434446064
}