{
    "MAE": 0.41935601998260424,
    "RMSE": 0.5351796572669278,
    "R2": 0.4271999078424883
}